Household,Month,Consumption_kWh
House_1,Month_1,324.84
House_1,Month_2,293.09
House_1,Month_3,332.38
House_1,Month_4,376.15
House_1,Month_5,288.29
House_1,Month_6,288.29
House_1,Month_7,378.96
House_1,Month_8,338.37
House_1,Month_9,276.53
House_1,Month_10,327.13
House_1,Month_11,276.83
House_1,Month_12,276.71
House_2,Month_1,312.1
House_2,Month_2,204.34
House_2,Month_3,213.75
House_2,Month_4,271.89
House_2,Month_5,249.36
House_2,Month_6,315.71
House_2,Month_7,254.6
House_2,Month_8,229.38
House_2,Month_9,373.28
House_2,Month_10,288.71
House_2,Month_11,303.38
House_2,Month_12,228.76
House_3,Month_1,272.78
House_3,Month_2,305.55
House_3,Month_3,242.45
House_3,Month_4,318.78
House_3,Month_5,269.97
House_3,Month_6,285.42
House_3,Month_7,269.91
House_3,Month_8,392.61
House_3,Month_9,299.33
House_3,Month_10,247.11
House_3,Month_11,341.13
House_3,Month_12,238.96
House_4,Month_1,310.44
House_4,Month_2,202.02
House_4,Month_3,233.59
House_4,Month_4,309.84
House_4,Month_5,336.92
House_4,Month_6,308.57
House_4,Month_7,294.22
House_4,Month_8,284.94
House_4,Month_9,226.07
House_4,Month_10,264.01
House_4,Month_11,276.97
House_4,Month_12,352.86
House_5,Month_1,317.18
House_5,Month_2,211.85
House_5,Month_3,316.2
House_5,Month_4,280.75
House_5,Month_5,266.15
House_5,Month_6,330.58
House_5,Month_7,351.55
House_5,Month_8,346.56
House_5,Month_9,258.04
House_5,Month_10,284.54
House_5,Month_11,316.56
House_5,Month_12,348.78
House_6,Month_1,276.04
House_6,Month_2,290.72
House_6,Month_3,244.68
House_6,Month_4,240.19
House_6,Month_5,340.63
House_6,Month_6,367.81
House_6,Month_7,296.4
House_6,Month_8,350.18
House_6,Month_9,318.08
House_6,Month_10,267.74
House_6,Month_11,318.07
House_6,Month_12,376.9
House_7,Month_1,298.21
House_7,Month_2,378.23
House_7,Month_3,169.01
House_7,Month_4,341.1
House_7,Month_5,304.35
House_7,Month_6,285.05
House_7,Month_7,304.59
House_7,Month_8,200.62
House_7,Month_9,289.02
House_7,Month_10,317.86
House_7,Month_11,373.89
House_7,Month_12,274.09
House_8,Month_1,259.58
House_8,Month_2,274.91
House_8,Month_3,345.77
House_8,Month_4,316.44
House_8,Month_5,273.51
House_8,Month_6,325.66
House_8,Month_7,304.85
House_8,Month_8,348.43
House_8,Month_9,264.9
House_8,Month_10,283.62
House_8,Month_11,280.39
House_8,Month_12,226.82
House_9,Month_1,314.81
House_9,Month_2,313.05
House_9,Month_3,300.26
House_9,Month_4,288.27
House_9,Month_5,229.23
House_9,Month_6,278.97
House_9,Month_7,282.86
House_9,Month_8,259.89
House_9,Month_9,291.94
House_9,Month_10,320.2
House_9,Month_11,394.31
House_9,Month_12,308.73
House_10,Month_1,312.88
House_10,Month_2,296.28
House_10,Month_3,204.06
House_10,Month_4,298.67
House_10,Month_5,303.01
House_10,Month_6,423.16
House_10,Month_7,290.38
House_10,Month_8,315.08
House_10,Month_9,298.26
House_10,Month_10,241.57
House_10,Month_11,357.14
House_10,Month_12,337.6
House_11,Month_1,339.55
House_11,Month_2,254.53
House_11,Month_3,370.14
House_11,Month_4,229.91
House_11,Month_5,329.34
House_11,Month_6,409.52
House_11,Month_7,250.47
House_11,Month_8,271.69
House_11,Month_9,304.98
House_11,Month_10,274.83
House_11,Month_11,222.47
House_11,Month_12,303.43
House_12,Month_1,246.88
House_12,Month_2,323.68
House_12,Month_3,254.03
House_12,Month_4,377.5
House_12,Month_5,260.84
House_12,Month_6,283.9
House_12,Month_7,340.68
House_12,Month_8,238.46
House_12,Month_9,311.37
House_12,Month_10,365.36
House_12,Month_11,219.63
House_12,Month_12,309.23
House_13,Month_1,312.99
House_13,Month_2,339.09
House_13,Month_3,238.15
House_13,Month_4,233.98
House_13,Month_5,326.1
House_13,Month_6,314.85
House_13,Month_7,312.52
House_13,Month_8,317.32
House_13,Month_9,266.0
House_13,Month_10,311.61
House_13,Month_11,314.65
House_13,Month_12,264.28
House_14,Month_1,393.29
House_14,Month_2,323.69
House_14,Month_3,240.43
House_14,Month_4,332.83
House_14,Month_5,251.27
House_14,Month_6,339.35
House_14,Month_7,357.93
House_14,Month_8,258.97
House_14,Month_9,348.17
House_14,Month_10,320.64
House_14,Month_11,341.1
House_14,Month_12,394.84
House_15,Month_1,287.73
House_15,Month_2,262.31
House_15,Month_3,255.52
House_15,Month_4,259.21
House_15,Month_5,296.14
House_15,Month_6,317.06
House_15,Month_7,313.83
House_15,Month_8,341.36
House_15,Month_9,300.65
House_15,Month_10,372.68
House_15,Month_11,286.77
House_15,Month_12,436.01
House_16,Month_1,331.28
House_16,Month_2,257.14
House_16,Month_3,246.46
House_16,Month_4,324.12
House_16,Month_5,288.83
House_16,Month_6,335.7
House_16,Month_7,323.66
House_16,Month_8,296.36
House_16,Month_9,257.66
House_16,Month_10,224.26
House_16,Month_11,277.67
House_16,Month_12,342.82
House_17,Month_1,310.7
House_17,Month_2,237.71
House_17,Month_3,308.66
House_17,Month_4,319.27
House_17,Month_5,255.81
House_17,Month_6,307.69
House_17,Month_7,302.91
House_17,Month_8,242.85
House_17,Month_9,317.89
House_17,Month_10,328.04
House_17,Month_11,354.15
House_17,Month_12,352.69
House_18,Month_1,231.12
House_18,Month_2,253.11
House_18,Month_3,325.75
House_18,Month_4,325.69
House_18,Month_5,325.75
House_18,Month_6,492.64
House_18,Month_7,328.54
House_18,Month_8,356.78
House_18,Month_9,347.7
House_18,Month_10,332.57
House_18,Month_11,284.24
House_18,Month_12,337.95
House_19,Month_1,261.36
House_19,Month_2,288.16
House_19,Month_3,275.73
House_19,Month_4,304.09
House_19,Month_5,415.73
House_19,Month_6,206.64
House_19,Month_7,334.31
House_19,Month_8,219.36
House_19,Month_9,276.4
House_19,Month_10,354.45
House_19,Month_11,303.21
House_19,Month_12,246.11
House_20,Month_1,264.23
House_20,Month_2,333.98
House_20,Month_3,263.48
House_20,Month_4,310.82
House_20,Month_5,302.28
House_20,Month_6,267.42
House_20,Month_7,407.2
House_20,Month_8,331.7
House_20,Month_9,198.74
House_20,Month_10,309.32
House_20,Month_11,266.91
House_20,Month_12,342.62
House_21,Month_1,260.37
House_21,Month_2,294.26
House_21,Month_3,325.25
House_21,Month_4,343.29
House_21,Month_5,239.99
House_21,Month_6,283.27
House_21,Month_7,276.25
House_21,Month_8,267.33
House_21,Month_9,388.27
House_21,Month_10,320.25
House_21,Month_11,236.96
House_21,Month_12,345.89
House_22,Month_1,406.11
House_22,Month_2,351.62
House_22,Month_3,224.03
House_22,Month_4,275.79
House_22,Month_5,363.35
House_22,Month_6,264.62
House_22,Month_7,322.19
House_22,Month_8,338.73
House_22,Month_9,253.65
House_22,Month_10,297.02
House_22,Month_11,137.94
House_22,Month_12,248.78
House_23,Month_1,287.37
House_23,Month_2,237.61
House_23,Month_3,381.62
House_23,Month_4,228.49
House_23,Month_5,278.0
House_23,Month_6,306.54
House_23,Month_7,372.06
House_23,Month_8,228.21
House_23,Month_9,358.16
House_23,Month_10,300.51
House_23,Month_11,250.92
House_23,Month_12,323.11
House_24,Month_1,309.95
House_24,Month_2,269.99
House_24,Month_3,303.49
House_24,Month_4,280.73
House_24,Month_5,305.68
House_24,Month_6,333.11
House_24,Month_7,379.3
House_24,Month_8,238.11
House_24,Month_9,406.65
House_24,Month_10,202.4
House_24,Month_11,292.41
House_24,Month_12,329.42
House_25,Month_1,314.05
House_25,Month_2,268.87
House_25,Month_3,289.59
House_25,Month_4,275.35
House_25,Month_5,270.53
House_25,Month_6,342.48
House_25,Month_7,317.85
House_25,Month_8,265.35
House_25,Month_9,344.98
House_25,Month_10,315.36
House_25,Month_11,340.64
House_25,Month_12,331.48
House_26,Month_1,258.55
House_26,Month_2,271.99
House_26,Month_3,337.36
House_26,Month_4,330.52
House_26,Month_5,298.95
House_26,Month_6,305.87
House_26,Month_7,363.88
House_26,Month_8,270.42
House_26,Month_9,327.35
House_26,Month_10,289.89
House_26,Month_11,289.12
House_26,Month_12,354.94
House_27,Month_1,341.27
House_27,Month_2,340.68
House_27,Month_3,365.27
House_27,Month_4,301.05
House_27,Month_5,334.1
House_27,Month_6,284.49
House_27,Month_7,316.21
House_27,Month_8,293.49
House_27,Month_9,304.85
House_27,Month_10,329.76
House_27,Month_11,259.09
House_27,Month_12,404.62
House_28,Month_1,249.7
House_28,Month_2,239.29
House_28,Month_3,357.91
House_28,Month_4,339.58
House_28,Month_5,331.21
House_28,Month_6,331.42
House_28,Month_7,299.39
House_28,Month_8,255.14
House_28,Month_9,303.79
House_28,Month_10,266.14
House_28,Month_11,348.76
House_28,Month_12,292.65
House_29,Month_1,258.73
House_29,Month_2,283.93
House_29,Month_3,320.65
House_29,Month_4,271.81
House_29,Month_5,258.89
House_29,Month_6,312.18
House_29,Month_7,312.25
House_29,Month_8,274.65
House_29,Month_9,276.45
House_29,Month_10,311.6
House_29,Month_11,227.6
House_29,Month_12,229.63
House_30,Month_1,264.08
House_30,Month_2,289.33
House_30,Month_3,315.55
House_30,Month_4,373.77
House_30,Month_5,342.88
House_30,Month_6,292.0
House_30,Month_7,299.05
House_30,Month_8,249.87
House_30,Month_9,299.07
House_30,Month_10,285.57
House_30,Month_11,316.14
House_30,Month_12,258.64
House_31,Month_1,325.97
House_31,Month_2,376.64
House_31,Month_3,294.56
House_31,Month_4,320.09
House_31,Month_5,334.51
House_31,Month_6,279.94
House_31,Month_7,311.2
House_31,Month_8,300.63
House_31,Month_9,304.88
House_31,Month_10,261.35
House_31,Month_11,301.23
House_31,Month_12,324.9
House_32,Month_1,372.56
House_32,Month_2,347.96
House_32,Month_3,407.66
House_32,Month_4,261.63
House_32,Month_5,343.62
House_32,Month_6,309.17
House_32,Month_7,409.49
House_32,Month_8,259.59
House_32,Month_9,258.01
House_32,Month_10,270.03
House_32,Month_11,193.81
House_32,Month_12,273.71
House_33,Month_1,262.04
House_33,Month_2,307.52
House_33,Month_3,317.09
House_33,Month_4,393.81
House_33,Month_5,347.52
House_33,Month_6,271.15
House_33,Month_7,255.08
House_33,Month_8,324.6
House_33,Month_9,233.99
House_33,Month_10,391.57
House_33,Month_11,358.97
House_33,Month_12,276.54
House_34,Month_1,214.34
House_34,Month_2,367.69
House_34,Month_3,294.27
House_34,Month_4,361.89
House_34,Month_5,220.28
House_34,Month_6,270.03
House_34,Month_7,300.26
House_34,Month_8,302.35
House_34,Month_9,277.5
House_34,Month_10,331.14
House_34,Month_11,246.62
House_34,Month_12,292.88
House_35,Month_1,306.01
House_35,Month_2,325.72
House_35,Month_3,335.58
House_35,Month_4,243.77
House_35,Month_5,223.29
House_35,Month_6,363.88
House_35,Month_7,316.62
House_35,Month_8,262.58
House_35,Month_9,377.56
House_35,Month_10,305.78
House_35,Month_11,358.96
House_35,Month_12,303.38
House_36,Month_1,403.04
House_36,Month_2,387.77
House_36,Month_3,287.55
House_36,Month_4,348.58
House_36,Month_5,332.27
House_36,Month_6,368.43
House_36,Month_7,251.75
House_36,Month_8,334.3
House_36,Month_9,352.92
House_36,Month_10,212.06
House_36,Month_11,240.84
House_36,Month_12,198.04
House_37,Month_1,286.53
House_37,Month_2,335.88
House_37,Month_3,375.12
House_37,Month_4,303.7
House_37,Month_5,381.43
House_37,Month_6,230.99
House_37,Month_7,214.83
House_37,Month_8,297.22
House_37,Month_9,319.2
House_37,Month_10,298.37
House_37,Month_11,196.63
House_37,Month_12,295.54
House_38,Month_1,234.78
House_38,Month_2,333.48
House_38,Month_3,318.33
House_38,Month_4,253.01
House_38,Month_5,274.31
House_38,Month_6,247.04
House_38,Month_7,296.87
House_38,Month_8,347.76
House_38,Month_9,250.71
House_38,Month_10,325.2
House_38,Month_11,273.49
House_38,Month_12,260.36
House_39,Month_1,294.65
House_39,Month_2,248.24
House_39,Month_3,272.32
House_39,Month_4,240.11
House_39,Month_5,398.24
House_39,Month_6,301.76
House_39,Month_7,265.01
House_39,Month_8,310.7
House_39,Month_9,294.38
House_39,Month_10,288.95
House_39,Month_11,330.71
House_39,Month_12,337.88
House_40,Month_1,273.47
House_40,Month_2,271.21
House_40,Month_3,286.25
House_40,Month_4,184.9
House_40,Month_5,224.24
House_40,Month_6,368.34
House_40,Month_7,382.25
House_40,Month_8,287.55
House_40,Month_9,328.83
House_40,Month_10,315.56
House_40,Month_11,453.94
House_40,Month_12,355.98
House_41,Month_1,293.6
House_41,Month_2,252.22
House_41,Month_3,219.68
House_41,Month_4,310.17
House_41,Month_5,262.18
House_41,Month_6,228.89
House_41,Month_7,267.67
House_41,Month_8,245.92
House_41,Month_9,384.36
House_41,Month_10,344.08
House_41,Month_11,299.6
House_41,Month_12,374.0
House_42,Month_1,303.87
House_42,Month_2,256.94
House_42,Month_3,376.16
House_42,Month_4,326.95
House_42,Month_5,248.14
House_42,Month_6,290.48
House_42,Month_7,256.22
House_42,Month_8,230.86
House_42,Month_9,346.31
House_42,Month_10,395.47
House_42,Month_11,230.07
House_42,Month_12,328.15
House_43,Month_1,267.47
House_43,Month_2,275.64
House_43,Month_3,270.38
House_43,Month_4,256.8
House_43,Month_5,302.43
House_43,Month_6,258.45
House_43,Month_7,313.52
House_43,Month_8,297.49
House_43,Month_9,288.05
House_43,Month_10,254.62
House_43,Month_11,271.16
House_43,Month_12,337.77
House_44,Month_1,325.05
House_44,Month_2,251.12
House_44,Month_3,304.97
House_44,Month_4,337.57
House_44,Month_5,216.53
House_44,Month_6,327.17
House_44,Month_7,266.87
House_44,Month_8,328.53
House_44,Month_9,261.84
House_44,Month_10,209.76
House_44,Month_11,218.62
House_44,Month_12,302.4
House_45,Month_1,312.99
House_45,Month_2,254.78
House_45,Month_3,331.93
House_45,Month_4,216.92
House_45,Month_5,296.7
House_45,Month_6,239.45
House_45,Month_7,267.41
House_45,Month_8,302.37
House_45,Month_9,256.98
House_45,Month_10,280.77
House_45,Month_11,350.31
House_45,Month_12,271.16
House_46,Month_1,341.78
House_46,Month_2,243.51
House_46,Month_3,326.49
House_46,Month_4,372.08
House_46,Month_5,176.42
House_46,Month_6,260.16
House_46,Month_7,328.85
House_46,Month_8,289.85
House_46,Month_9,318.56
House_46,Month_10,269.8
House_46,Month_11,304.33
House_46,Month_12,292.22
House_47,Month_1,358.39
House_47,Month_2,312.72
House_47,Month_3,316.88
House_47,Month_4,279.41
House_47,Month_5,275.62
House_47,Month_6,278.37
House_47,Month_7,319.72
House_47,Month_8,278.95
House_47,Month_9,314.49
House_47,Month_10,403.77
House_47,Month_11,343.56
House_47,Month_12,283.7
House_48,Month_1,360.06
House_48,Month_2,279.6
House_48,Month_3,198.09
House_48,Month_4,249.6
House_48,Month_5,206.46
House_48,Month_6,282.42
House_48,Month_7,300.92
House_48,Month_8,383.82
House_48,Month_9,316.35
House_48,Month_10,289.04
House_48,Month_11,341.47
House_48,Month_12,189.44
House_49,Month_1,311.78
House_49,Month_2,338.54
House_49,Month_3,226.07
House_49,Month_4,357.19
House_49,Month_5,316.92
House_49,Month_6,279.24
House_49,Month_7,331.64
House_49,Month_8,413.53
House_49,Month_9,309.09
House_49,Month_10,312.41
House_49,Month_11,277.03
House_49,Month_12,257.51
House_50,Month_1,341.52
House_50,Month_2,257.2
House_50,Month_3,303.58
House_50,Month_4,276.12
House_50,Month_5,323.95
House_50,Month_6,316.68
House_50,Month_7,351.88
House_50,Month_8,274.5
House_50,Month_9,286.51
House_50,Month_10,251.06
House_50,Month_11,277.79
House_50,Month_12,318.87
House_51,Month_1,337.85
House_51,Month_2,253.89
House_51,Month_3,343.48
House_51,Month_4,367.78
House_51,Month_5,320.67
House_51,Month_6,393.84
House_51,Month_7,261.31
House_51,Month_8,237.77
House_51,Month_9,211.06
House_51,Month_10,374.8
House_51,Month_11,332.72
House_51,Month_12,297.22
House_52,Month_1,314.0
House_52,Month_2,243.73
House_52,Month_3,422.29
House_52,Month_4,306.46
House_52,Month_5,305.47
House_52,Month_6,336.29
House_52,Month_7,324.05
House_52,Month_8,311.19
House_52,Month_9,260.48
House_52,Month_10,323.57
House_52,Month_11,394.1
House_52,Month_12,367.27
House_53,Month_1,379.66
House_53,Month_2,274.44
House_53,Month_3,250.52
House_53,Month_4,293.71
House_53,Month_5,302.79
House_53,Month_6,354.71
House_53,Month_7,215.38
House_53,Month_8,376.48
House_53,Month_9,292.1
House_53,Month_10,278.66
House_53,Month_11,249.39
House_53,Month_12,217.26
House_54,Month_1,341.16
House_54,Month_2,303.67
House_54,Month_3,235.5
House_54,Month_4,235.25
House_54,Month_5,283.21
House_54,Month_6,383.45
House_54,Month_7,287.02
House_54,Month_8,224.84
House_54,Month_9,287.71
House_54,Month_10,286.36
House_54,Month_11,165.16
House_54,Month_12,297.29
House_55,Month_1,288.45
House_55,Month_2,334.81
House_55,Month_3,392.45
House_55,Month_4,356.33
House_55,Month_5,286.56
House_55,Month_6,244.67
House_55,Month_7,428.67
House_55,Month_8,302.96
House_55,Month_9,300.7
House_55,Month_10,298.79
House_55,Month_11,309.9
House_55,Month_12,292.78
House_56,Month_1,271.32
House_56,Month_2,272.66
House_56,Month_3,298.36
House_56,Month_4,272.83
House_56,Month_5,264.36
House_56,Month_6,305.32
House_56,Month_7,287.25
House_56,Month_8,375.2
House_56,Month_9,167.45
House_56,Month_10,354.58
House_56,Month_11,362.3
House_56,Month_12,196.33
House_57,Month_1,282.87
House_57,Month_2,281.43
House_57,Month_3,229.62
House_57,Month_4,261.11
House_57,Month_5,244.47
House_57,Month_6,387.61
House_57,Month_7,346.78
House_57,Month_8,363.58
House_57,Month_9,336.08
House_57,Month_10,243.55
House_57,Month_11,273.77
House_57,Month_12,324.47
House_58,Month_1,238.89
House_58,Month_2,335.65
House_58,Month_3,287.98
House_58,Month_4,281.26
House_58,Month_5,335.55
House_58,Month_6,322.21
House_58,Month_7,281.95
House_58,Month_8,357.97
House_58,Month_9,245.95
House_58,Month_10,330.8
House_58,Month_11,329.66
House_58,Month_12,284.52
House_59,Month_1,316.31
House_59,Month_2,237.44
House_59,Month_3,346.2
House_59,Month_4,290.75
House_59,Month_5,273.86
House_59,Month_6,352.45
House_59,Month_7,264.78
House_59,Month_8,229.58
House_59,Month_9,222.17
House_59,Month_10,330.3
House_59,Month_11,235.98
House_59,Month_12,387.74
House_60,Month_1,195.9
House_60,Month_2,384.82
House_60,Month_3,310.55
House_60,Month_4,295.16
House_60,Month_5,272.75
House_60,Month_6,319.96
House_60,Month_7,298.12
House_60,Month_8,355.17
House_60,Month_9,305.71
House_60,Month_10,307.52
House_60,Month_11,281.82
House_60,Month_12,297.15
House_61,Month_1,315.39
House_61,Month_2,214.49
House_61,Month_3,232.59
House_61,Month_4,337.16
House_61,Month_5,308.54
House_61,Month_6,290.8
House_61,Month_7,300.92
House_61,Month_8,317.38
House_61,Month_9,273.01
House_61,Month_10,261.08
House_61,Month_11,309.79
House_61,Month_12,251.08
House_62,Month_1,320.41
House_62,Month_2,214.87
House_62,Month_3,351.46
House_62,Month_4,323.63
House_62,Month_5,312.8
House_62,Month_6,349.13
House_62,Month_7,383.27
House_62,Month_8,350.72
House_62,Month_9,207.96
House_62,Month_10,236.02
House_62,Month_11,268.76
House_62,Month_12,301.3
House_63,Month_1,325.88
House_63,Month_2,263.71
House_63,Month_3,309.34
House_63,Month_4,262.23
House_63,Month_5,269.42
House_63,Month_6,229.67
House_63,Month_7,253.84
House_63,Month_8,232.42
House_63,Month_9,251.21
House_63,Month_10,352.68
House_63,Month_11,252.53
House_63,Month_12,431.62
House_64,Month_1,324.67
House_64,Month_2,309.24
House_64,Month_3,257.08
House_64,Month_4,335.02
House_64,Month_5,271.22
House_64,Month_6,306.1
House_64,Month_7,428.0
House_64,Month_8,295.2
House_64,Month_9,357.46
House_64,Month_10,264.84
House_64,Month_11,298.25
House_64,Month_12,388.54
House_65,Month_1,268.65
House_65,Month_2,390.62
House_65,Month_3,335.39
House_65,Month_4,271.88
House_65,Month_5,331.62
House_65,Month_6,348.63
House_65,Month_7,331.09
House_65,Month_8,221.49
House_65,Month_9,263.64
House_65,Month_10,287.62
House_65,Month_11,296.28
House_65,Month_12,331.03
House_66,Month_1,308.89
House_66,Month_2,233.23
House_66,Month_3,319.01
House_66,Month_4,330.53
House_66,Month_5,327.99
House_66,Month_6,354.04
House_66,Month_7,341.7
House_66,Month_8,322.96
House_66,Month_9,296.49
House_66,Month_10,216.95
House_66,Month_11,321.48
House_66,Month_12,310.38
House_67,Month_1,313.58
House_67,Month_2,236.16
House_67,Month_3,245.95
House_67,Month_4,352.66
House_67,Month_5,298.02
House_67,Month_6,334.08
House_67,Month_7,301.42
House_67,Month_8,301.49
House_67,Month_9,346.91
House_67,Month_10,274.2
House_67,Month_11,304.81
House_67,Month_12,276.89
House_68,Month_1,278.28
House_68,Month_2,284.54
House_68,Month_3,311.11
House_68,Month_4,276.06
House_68,Month_5,362.79
House_68,Month_6,255.27
House_68,Month_7,290.66
House_68,Month_8,278.01
House_68,Month_9,372.35
House_68,Month_10,309.83
House_68,Month_11,351.59
House_68,Month_12,225.72
House_69,Month_1,313.35
House_69,Month_2,344.48
House_69,Month_3,304.11
House_69,Month_4,353.27
House_69,Month_5,274.14
House_69,Month_6,370.47
House_69,Month_7,414.94
House_69,Month_8,281.86
House_69,Month_9,277.72
House_69,Month_10,372.67
House_69,Month_11,378.98
House_69,Month_12,273.86
House_70,Month_1,278.99
House_70,Month_2,285.91
House_70,Month_3,232.78
House_70,Month_4,254.07
House_70,Month_5,249.79
House_70,Month_6,261.61
House_70,Month_7,298.27
House_70,Month_8,311.71
House_70,Month_9,377.53
House_70,Month_10,250.08
House_70,Month_11,349.22
House_70,Month_12,289.3
House_71,Month_1,297.53
House_71,Month_2,333.74
House_71,Month_3,243.86
House_71,Month_4,319.12
House_71,Month_5,308.32
House_71,Month_6,324.62
House_71,Month_7,314.46
House_71,Month_8,422.77
House_71,Month_9,268.11
House_71,Month_10,273.45
House_71,Month_11,268.84
House_71,Month_12,272.23
House_72,Month_1,268.13
House_72,Month_2,359.45
House_72,Month_3,371.03
House_72,Month_4,271.46
House_72,Month_5,258.38
House_72,Month_6,323.57
House_72,Month_7,272.39
House_72,Month_8,331.65
House_72,Month_9,310.15
House_72,Month_10,224.21
House_72,Month_11,377.38
House_72,Month_12,389.79
House_73,Month_1,269.36
House_73,Month_2,280.61
House_73,Month_3,314.29
House_73,Month_4,316.72
House_73,Month_5,332.93
House_73,Month_6,400.51
House_73,Month_7,291.15
House_73,Month_8,260.09
House_73,Month_9,231.03
House_73,Month_10,263.45
House_73,Month_11,298.34
House_73,Month_12,389.73
House_74,Month_1,274.12
House_74,Month_2,311.19
House_74,Month_3,299.18
House_74,Month_4,359.42
House_74,Month_5,426.35
House_74,Month_6,273.46
House_74,Month_7,275.53
House_74,Month_8,352.21
House_74,Month_9,334.09
House_74,Month_10,392.34
House_74,Month_11,329.2
House_74,Month_12,282.04
House_75,Month_1,329.53
House_75,Month_2,355.44
House_75,Month_3,341.02
House_75,Month_4,325.36
House_75,Month_5,353.33
House_75,Month_6,358.46
House_75,Month_7,369.11
House_75,Month_8,332.44
House_75,Month_9,291.64
House_75,Month_10,307.34
House_75,Month_11,360.33
House_75,Month_12,259.15
House_76,Month_1,318.43
House_76,Month_2,280.33
House_76,Month_3,301.44
House_76,Month_4,363.92
House_76,Month_5,309.55
House_76,Month_6,302.32
House_76,Month_7,232.01
House_76,Month_8,337.31
House_76,Month_9,332.27
House_76,Month_10,408.16
House_76,Month_11,284.61
House_76,Month_12,310.96
House_77,Month_1,312.47
House_77,Month_2,378.87
House_77,Month_3,295.24
House_77,Month_4,313.95
House_77,Month_5,330.39
House_77,Month_6,309.33
House_77,Month_7,277.68
House_77,Month_8,309.7
House_77,Month_9,353.68
House_77,Month_10,248.67
House_77,Month_11,306.65
House_77,Month_12,264.99
House_78,Month_1,359.75
House_78,Month_2,223.84
House_78,Month_3,272.05
House_78,Month_4,318.86
House_78,Month_5,378.28
House_78,Month_6,296.71
House_78,Month_7,272.24
House_78,Month_8,394.06
House_78,Month_9,227.6
House_78,Month_10,190.06
House_78,Month_11,322.0
House_78,Month_12,274.9
House_79,Month_1,248.94
House_79,Month_2,335.42
House_79,Month_3,312.19
House_79,Month_4,271.8
House_79,Month_5,235.98
House_79,Month_6,343.62
House_79,Month_7,332.51
House_79,Month_8,295.04
House_79,Month_9,392.33
House_79,Month_10,246.5
House_79,Month_11,223.72
House_79,Month_12,265.4
House_80,Month_1,297.72
House_80,Month_2,312.17
House_80,Month_3,287.94
House_80,Month_4,317.6
House_80,Month_5,237.42
House_80,Month_6,372.19
House_80,Month_7,295.89
House_80,Month_8,355.86
House_80,Month_9,317.14
House_80,Month_10,322.84
House_80,Month_11,328.49
House_80,Month_12,322.39
House_81,Month_1,332.14
House_81,Month_2,366.46
House_81,Month_3,309.83
House_81,Month_4,335.45
House_81,Month_5,295.51
House_81,Month_6,372.01
House_81,Month_7,266.18
House_81,Month_8,390.05
House_81,Month_9,297.99
House_81,Month_10,228.46
House_81,Month_11,306.41
House_81,Month_12,265.95
House_82,Month_1,342.03
House_82,Month_2,267.37
House_82,Month_3,277.69
House_82,Month_4,205.52
House_82,Month_5,277.38
House_82,Month_6,178.81
House_82,Month_7,220.8
House_82,Month_8,338.02
House_82,Month_9,339.29
House_82,Month_10,321.27
House_82,Month_11,251.65
House_82,Month_12,297.61
House_83,Month_1,299.82
House_83,Month_2,242.08
House_83,Month_3,375.17
House_83,Month_4,343.87
House_83,Month_5,288.95
House_83,Month_6,301.34
House_83,Month_7,310.42
House_83,Month_8,197.91
House_83,Month_9,287.64
House_83,Month_10,265.9
House_83,Month_11,249.92
House_83,Month_12,285.94
House_84,Month_1,389.88
House_84,Month_2,332.04
House_84,Month_3,271.44
House_84,Month_4,328.63
House_84,Month_5,369.97
House_84,Month_6,346.23
House_84,Month_7,302.98
House_84,Month_8,267.65
House_84,Month_9,334.91
House_84,Month_10,319.67
House_84,Month_11,344.76
House_84,Month_12,331.76
House_85,Month_1,352.48
House_85,Month_2,273.24
House_85,Month_3,365.87
House_85,Month_4,309.88
House_85,Month_5,403.76
House_85,Month_6,265.54
House_85,Month_7,386.8
House_85,Month_8,309.9
House_85,Month_9,267.43
House_85,Month_10,275.81
House_85,Month_11,283.98
House_85,Month_12,321.21
House_86,Month_1,326.14
House_86,Month_2,271.31
House_86,Month_3,298.78
House_86,Month_4,407.11
House_86,Month_5,386.38
House_86,Month_6,321.82
House_86,Month_7,301.9
House_86,Month_8,306.0
House_86,Month_9,330.68
House_86,Month_10,248.86
House_86,Month_11,287.13
House_86,Month_12,216.57
House_87,Month_1,319.96
House_87,Month_2,332.36
House_87,Month_3,275.84
House_87,Month_4,378.7
House_87,Month_5,238.71
House_87,Month_6,226.78
House_87,Month_7,311.22
House_87,Month_8,352.35
House_87,Month_9,384.2
House_87,Month_10,277.06
House_87,Month_11,353.93
House_87,Month_12,298.07
House_88,Month_1,291.37
House_88,Month_2,344.18
House_88,Month_3,332.62
House_88,Month_4,221.18
House_88,Month_5,373.83
House_88,Month_6,369.0
House_88,Month_7,268.72
House_88,Month_8,319.79
House_88,Month_9,324.7
House_88,Month_10,313.03
House_88,Month_11,272.48
House_88,Month_12,266.42
House_89,Month_1,298.72
House_89,Month_2,358.64
House_89,Month_3,327.18
House_89,Month_4,281.47
House_89,Month_5,338.58
House_89,Month_6,157.57
House_89,Month_7,357.44
House_89,Month_8,213.01
House_89,Month_9,281.88
House_89,Month_10,244.02
House_89,Month_11,235.27
House_89,Month_12,358.04
House_90,Month_1,276.61
House_90,Month_2,317.33
House_90,Month_3,297.65
House_90,Month_4,323.85
House_90,Month_5,303.84
House_90,Month_6,235.85
House_90,Month_7,349.81
House_90,Month_8,275.31
House_90,Month_9,222.17
House_90,Month_10,278.59
House_90,Month_11,375.04
House_90,Month_12,342.51
House_91,Month_1,282.57
House_91,Month_2,282.54
House_91,Month_3,283.92
House_91,Month_4,403.84
House_91,Month_5,319.1
House_91,Month_6,321.5
House_91,Month_7,351.51
House_91,Month_8,311.94
House_91,Month_9,287.05
House_91,Month_10,290.18
House_91,Month_11,296.42
House_91,Month_12,298.14
House_92,Month_1,336.38
House_92,Month_2,302.6
House_92,Month_3,336.63
House_92,Month_4,295.96
House_92,Month_5,303.93
House_92,Month_6,200.09
House_92,Month_7,345.82
House_92,Month_8,317.32
House_92,Month_9,349.9
House_92,Month_10,155.19
House_92,Month_11,404.42
House_92,Month_12,293.02
House_93,Month_1,355.41
House_93,Month_2,248.0
House_93,Month_3,330.64
House_93,Month_4,247.33
House_93,Month_5,268.81
House_93,Month_6,395.7
House_93,Month_7,290.47
House_93,Month_8,310.87
House_93,Month_9,343.5
House_93,Month_10,324.78
House_93,Month_11,307.52
House_93,Month_12,318.25
House_94,Month_1,420.17
House_94,Month_2,297.12
House_94,Month_3,310.05
House_94,Month_4,352.53
House_94,Month_5,355.28
House_94,Month_6,359.35
House_94,Month_7,331.94
House_94,Month_8,242.85
House_94,Month_9,381.67
House_94,Month_10,242.68
House_94,Month_11,315.13
House_94,Month_12,262.29
House_95,Month_1,296.79
House_95,Month_2,316.44
House_95,Month_3,316.07
House_95,Month_4,321.1
House_95,Month_5,380.69
House_95,Month_6,322.68
House_95,Month_7,287.79
House_95,Month_8,348.2
House_95,Month_9,359.47
House_95,Month_10,238.62
House_95,Month_11,329.87
House_95,Month_12,335.06
House_96,Month_1,285.12
House_96,Month_2,368.79
House_96,Month_3,292.5
House_96,Month_4,306.28
House_96,Month_5,291.35
House_96,Month_6,300.78
House_96,Month_7,245.19
House_96,Month_8,228.0
House_96,Month_9,379.73
House_96,Month_10,257.65
House_96,Month_11,250.43
House_96,Month_12,192.33
House_97,Month_1,268.05
House_97,Month_2,233.85
House_97,Month_3,382.1
House_97,Month_4,350.49
House_97,Month_5,265.59
House_97,Month_6,412.62
House_97,Month_7,349.09
House_97,Month_8,283.76
House_97,Month_9,175.03
House_97,Month_10,414.55
House_97,Month_11,230.52
House_97,Month_12,217.73
House_98,Month_1,351.13
House_98,Month_2,421.99
House_98,Month_3,369.21
House_98,Month_4,328.2
House_98,Month_5,329.74
House_98,Month_6,342.67
House_98,Month_7,337.95
House_98,Month_8,314.06
House_98,Month_9,305.21
House_98,Month_10,296.87
House_98,Month_11,262.3
House_98,Month_12,285.97
House_99,Month_1,215.35
House_99,Month_2,295.08
House_99,Month_3,250.57
House_99,Month_4,244.82
House_99,Month_5,308.99
House_99,Month_6,369.6
House_99,Month_7,345.92
House_99,Month_8,221.47
House_99,Month_9,250.52
House_99,Month_10,347.04
House_99,Month_11,250.88
House_99,Month_12,288.77
House_100,Month_1,327.5
House_100,Month_2,251.58
House_100,Month_3,305.27
House_100,Month_4,233.3
House_100,Month_5,269.93
House_100,Month_6,315.99
House_100,Month_7,220.35
House_100,Month_8,322.02
House_100,Month_9,299.02
House_100,Month_10,327.62
House_100,Month_11,311.2
House_100,Month_12,368.21
